"","bait","prey","Enrichment_score","Specificity_score","Sum_scores","Borda_scores","interactor","Fitness_Score"
"1","CuSO4","DBP2-F[1,2]_DBP2-F[3]",0.946648,0,0.946648,2.33644859813084,1,0.520381686792758
"2","CuSO4","DBP2-F[1,2]_DBP2-F[3]",0.946648,0,0.946648,2.33644859813084,1,0.520381686792758
"3","CuSO4","DBP2-F[1,2]_FPR1-F[3]",0.736648,0,0.736648,1.87265917602996,0,0.0309163499935632
"4","CuSO4","DBP2-F[1,2]_ho::HphMX",0.092324,0,0.092324,1.16686114352392,0,NA
"5","CuSO4","DBP2-F[1,2]_HXT1-F[3]",0.284648,0,0.284648,1.31233595800525,0,-0.0285831946010297
"6","CuSO4","DBP2-F[1,2]_IMD3-F[3]",0.060324,0,0.060324,1.14285714285714,0,-0.136147604477738
"7","CuSO4","DBP2-F[1,2]_PDR5-F[3]",0.234648,0,0.234648,1.26742712294043,0,-0.00320834807822279
"8","CuSO4","DBP2-F[1,2]_PRS3-F[3]",0.206648,0,0.206648,1.24378109452736,0,0.0164241640876462
"9","CuSO4","DBP2-F[1,2]_RPB9-F[3]",0.668648,0,0.668648,1.74216027874564,0,0.00110872967096034
"10","CuSO4","DBP2-F[1,2]_SHR3-F[3]",0.142648,0.0328025,0.1754505,1.26742712294043,0,0.0229889259563536
"11","CuSO4","DBP2-F[1,2]_SNQ2-F[3]",0.270648,0.0135408,0.2841888,1.32450331125828,0,-0.0577966844429571
"12","CuSO4","DST1-F[1,2]_DBP2-F[3]",0.480972,0.0245679012345679,0.505539901234568,1.58982511923688,0,-0.092004427528687
"13","CuSO4","DST1-F[1,2]_FPR1-F[3]",0.748841666666667,0,0.748841666666667,1.85873605947955,0,-0.00781481670645806
"14","CuSO4","DST1-F[1,2]_ho::HphMX",0.362648,0,0.362648,1.36612021857923,0,NA
"15","CuSO4","DST1-F[1,2]_HXT1-F[3]",0.204972,0.0761640236686391,0.281136023668639,1.39082058414465,0,-0.0276103181775528
"16","CuSO4","DST1-F[1,2]_IMD3-F[3]",0.094648,0,0.094648,1.15207373271889,0,-0.12625839073849
"17","CuSO4","DST1-F[1,2]_PDR5-F[3]",0.04962,0.17241595463138,0.22203595463138,1.42045454545455,0,-0.0442981420282417
"18","CuSO4","DST1-F[1,2]_PRS3-F[3]",0.619296,0,0.619296,1.64473684210526,0,-0.0128035418577736
"19","CuSO4","DST1-F[1,2]_RPB9-F[3]",0.789296,0,0.789296,1.90839694656489,1,0.112693273161127
"20","CuSO4","DST1-F[1,2]_SHR3-F[3]",0.188324,0,0.188324,1.21212121212121,0,-0.00333627315332857
"21","CuSO4","DST1-F[1,2]_SNQ2-F[3]",0.448648,0.05085,0.499498,1.61030595813205,0,-0.0484587758319905
"22","CuSO4","FMP45-F[1,2]_DBP2-F[3]",0.688324,0,0.688324,1.73310225303293,0,-0.0469017431479308
"23","CuSO4","FMP45-F[1,2]_FPR1-F[3]",0.896324,0.150560991735537,1.04688499173554,3.41296928327645,0,-0.0439784644877047
"24","CuSO4","FMP45-F[1,2]_ho::HphMX",0.806648,0.273426875,1.080074875,4,0,NA
"25","CuSO4","FMP45-F[1,2]_HXT1-F[3]",0.10962,0.295238,0.404858,1.71821305841924,1,0.106575043746328
"26","CuSO4","FMP45-F[1,2]_HXT1-F[3]",0.10962,0.295238,0.404858,1.71821305841924,1,0.106575043746328
"27","CuSO4","FMP45-F[1,2]_IMD3-F[3]",0.400324,0.0185364197530864,0.418860419753086,1.46627565982405,0,-0.166919273388555
"28","CuSO4","FMP45-F[1,2]_PDR5-F[3]",0.838324,0,0.838324,1.9723865877712,1,0.0917453323054236
"29","CuSO4","FMP45-F[1,2]_PDR5-F[3]",0.838324,0,0.838324,1.9723865877712,1,0.0917453323054236
"30","CuSO4","FMP45-F[1,2]_PRS3-F[3]",0.136648,0,0.136648,1.16414435389988,0,-0.0396445176213447
"31","CuSO4","FMP45-F[1,2]_RPB9-F[3]",0.679296,0.134547520661157,0.813843520661157,2.40963855421687,0,-0.0247518108479161
"32","CuSO4","FMP45-F[1,2]_SHR3-F[3]",0.00884166666666667,0,0.00884166666666667,1.08108108108108,0,-0.0378744331840446
"33","CuSO4","FMP45-F[1,2]_SNQ2-F[3]",0.316648,0,0.316648,1.29533678756477,1,-0.0604871548857734
"34","CuSO4","FMP45-F[1,2]_SNQ2-F[3]",0.316648,0,0.316648,1.29533678756477,1,-0.0604871548857734
"35","CuSO4","FTR1-F[1,2]_DBP2-F[3]",0.430324,0.0782186982248521,0.508542698224852,1.66112956810631,0,-0.0560086338566488
"36","CuSO4","FTR1-F[1,2]_FPR1-F[3]",0.846648,0.505474380165289,1.35212238016529,7.8740157480315,0,-0.0124189169823328
"37","CuSO4","FTR1-F[1,2]_ho::HphMX",0.112972,0,0.112972,1.14025085518814,0,NA
"38","CuSO4","FTR1-F[1,2]_HXT1-F[3]",0.97962,0.79905,1.77867,83.3333333333333,1,0.982582532634453
"39","CuSO4","FTR1-F[1,2]_HXT1-F[3]",0.97962,0.79905,1.77867,83.3333333333333,1,0.982582532634453
"40","CuSO4","FTR1-F[1,2]_IMD3-F[3]",0.72162,0.77885,1.50047,6.89655172413793,0,-0.146322497576544
"41","CuSO4","FTR1-F[1,2]_PDR5-F[3]",0.93562,0.75685,1.69247,23.8095238095238,0,0.464044164987264
"42","CuSO4","FTR1-F[1,2]_PRS3-F[3]",0.18762,0.398406666666667,0.586026666666667,2.05338809034908,0,-0.0745942684074177
"43","CuSO4","FTR1-F[1,2]_RPB9-F[3]",0.687296,0.101601799307958,0.788897799307958,2.2271714922049,0,-0.04495448968088
"44","CuSO4","FTR1-F[1,2]_SHR3-F[3]",0.51162,0.742773333333333,1.25439333333333,3.89105058365759,0,-0.0328420753006918
"45","CuSO4","FTR1-F[1,2]_SNQ2-F[3]",0.76162,0.52485,1.28647,6.06060606060606,0,0.0569969301082395
"46","CuSO4","ho::NatMX_DBP2-F[3]",0.473296,0.021683950617284,0.494979950617284,1.5625,0,NA
"47","CuSO4","ho::NatMX_FPR1-F[3]",0.746561111111111,0,0.746561111111111,1.75746924428822,0,NA
"48","CuSO4","ho::NatMX_ho::HphMX",0.488972,0.0241049382716049,0.513076938271605,1.59744408945687,0,NA
"49","CuSO4","ho::NatMX_HXT1-F[3]",0.124972,0.0734459259259259,0.198417925925926,1.31406044678055,0,NA
"50","CuSO4","ho::NatMX_IMD3-F[3]",0.076324,0,0.076324,1.10253583241455,0,NA
"51","CuSO4","ho::NatMX_PDR5-F[3]",0.732324,0.152406280991736,0.884730280991735,2.67379679144385,0,NA
"52","CuSO4","ho::NatMX_PRS3-F[3]",0.698648,0.122829112426036,0.821477112426035,2.3696682464455,0,NA
"53","CuSO4","ho::NatMX_RPB9-F[3]",0.639296,0.0226524691358025,0.661948469135802,1.79856115107914,0,NA
"54","CuSO4","ho::NatMX_SHR3-F[3]",0.462648,0,0.462648,1.39275766016713,0,NA
"55","CuSO4","ho::NatMX_SNQ2-F[3]",0.334648,0,0.334648,1.27713920817369,0,NA
"56","CuSO4","HOM3-F[1,2]_DBP2-F[3]",0.522648,0.00497777777777778,0.527625777777778,1.57232704402516,0,-0.0600180163352669
"57","CuSO4","HOM3-F[1,2]_FPR1-F[3]",0.962972,0.197192941176471,1.16016494117647,4.46428571428571,1,0.955197997948574
"58","CuSO4","HOM3-F[1,2]_ho::HphMX",0.516324,0.0106704,0.5269944,1.57728706624606,0,NA
"59","CuSO4","HOM3-F[1,2]_HXT1-F[3]",0.40562,0.315977788347206,0.721597788347206,2.37529691211401,0,-0.0702884215102619
"60","CuSO4","HOM3-F[1,2]_IMD3-F[3]",0.84362,0.194579410430839,1.03819941043084,3.47222222222222,0,-0.0525727671081749
"61","CuSO4","HOM3-F[1,2]_PDR5-F[3]",0.650324,0.0984047058823529,0.748728705882353,2.11864406779661,0,-0.02571109231154
"62","CuSO4","HOM3-F[1,2]_PRS3-F[3]",0.298648,0.121208284023669,0.419856284023669,1.6025641025641,0,-0.0128826340552706
"63","CuSO4","HOM3-F[1,2]_RPB9-F[3]",0.544648,0.0802369230769231,0.624884923076923,1.84162062615101,0,0.0144837655292386
"64","CuSO4","HOM3-F[1,2]_SHR3-F[3]",0.55962,0.16805125,0.72767125,2.22222222222222,0,-0.0334626123230723
"65","CuSO4","HOM3-F[1,2]_SNQ2-F[3]",0.288972,0,0.288972,1.22549019607843,0,-0.16390619398885
"66","CuSO4","IMD3-F[1,2]_DBP2-F[3]",0.260324,0,0.260324,1.20336943441637,0,-0.066477539035305
"67","CuSO4","IMD3-F[1,2]_FPR1-F[3]",0.876648,0.210717633136095,1.08736563313609,3.83141762452107,0,-0.0777716024578576
"68","CuSO4","IMD3-F[1,2]_ho::HphMX",0.032648,0.202461038062284,0.235109038062284,1.45985401459854,0,NA
"69","CuSO4","IMD3-F[1,2]_HXT1-F[3]",0.47762,0.76779625,1.24541625,3.71747211895911,0,-0.0738922888749962
"70","CuSO4","IMD3-F[1,2]_IMD3-F[3]",0.99762,0.088834,1.086454,3.20512820512821,1,1.05389963528372
"71","CuSO4","IMD3-F[1,2]_IMD3-F[3]",0.99762,0.088834,1.086454,3.20512820512821,1,1.05389963528372
"72","CuSO4","IMD3-F[1,2]_PDR5-F[3]",0.014972,0.2735375,0.2885095,1.55038759689922,0,-0.194933167729828
"73","CuSO4","IMD3-F[1,2]_PRS3-F[3]",0.356324,0.165135,0.521459,1.80505415162455,0,-0.145340557627715
"74","CuSO4","IMD3-F[1,2]_RPB9-F[3]",0.586972,0.146245432098765,0.733217432098765,2.20264317180617,0,-0.122252941542715
"75","CuSO4","IMD3-F[1,2]_SHR3-F[3]",0.85562,0.0975444982698962,0.953164498269896,2.68096514745308,0,-0.0349554130564383
"76","CuSO4","IMD3-F[1,2]_SNQ2-F[3]",0.318324,0.089642,0.407966,1.53846153846154,0,-0.126350007492956
"77","CuSO4","PRS3-F[1,2]_DBP2-F[3]",0.608648,0.0709688888888889,0.679616888888889,1.91938579654511,0,0.00297103545389195
"78","CuSO4","PRS3-F[1,2]_FPR1-F[3]",0.823296,0.121112426035503,0.944408426035503,2.75482093663912,0,0.0798943063276098
"79","CuSO4","PRS3-F[1,2]_ho::HphMX",0.144972,0,0.144972,1.10987791342952,0,NA
"80","CuSO4","PRS3-F[1,2]_HXT1-F[3]",0.515296,0.644124375,1.159420375,3.7593984962406,0,0.0512219678646918
"81","CuSO4","PRS3-F[1,2]_IMD3-F[3]",0.321296,0.1235478125,0.4448438125,1.63934426229508,0,-0.0123598798451629
"82","CuSO4","PRS3-F[1,2]_PDR5-F[3]",0.15162,0,0.15162,1.10987791342952,0,0.0875556893067857
"83","CuSO4","PRS3-F[1,2]_PRS3-F[3]",0.968324,0,0.968324,2.02839756592292,1,0.89383551962492
"84","CuSO4","PRS3-F[1,2]_PRS3-F[3]",0.968324,0,0.968324,2.02839756592292,1,0.89383551962492
"85","CuSO4","PRS3-F[1,2]_RPB9-F[3]",0.629296,0,0.629296,1.50602409638554,0,0.00124782107432235
"86","CuSO4","PRS3-F[1,2]_SHR3-F[3]",0.34762,0,0.34762,1.24069478908189,0,0.0694924222190224
"87","CuSO4","PRS3-F[1,2]_SNQ2-F[3]",0.27962,0.018641975308642,0.298261975308642,1.34770889487871,0,-0.0573399212323439
"88","CuSO4","SHR3-F[1,2]_DBP2-F[3]",0.590648,0.0921806228373702,0.68282862283737,1.96463654223969,0,-0.0191276361124064
"89","CuSO4","SHR3-F[1,2]_FPR1-F[3]",0.904648,0.133747520661157,1.03839552066116,3.25732899022801,0,-0.00663396053002064
"90","CuSO4","SHR3-F[1,2]_ho::HphMX",0.550324,0,0.550324,1.41242937853107,0,NA
"91","CuSO4","SHR3-F[1,2]_HXT1-F[3]",0.64162,0.306190909090909,0.947810909090909,3.25732899022801,1,0.113324484341012
"92","CuSO4","SHR3-F[1,2]_IMD3-F[3]",0.873296,0.0712869135802469,0.944582913580247,2.57731958762887,0,-0.121648214188218
"93","CuSO4","SHR3-F[1,2]_PDR5-F[3]",0.666324,0,0.666324,1.53139356814701,0,-0.0349631155466297
"94","CuSO4","SHR3-F[1,2]_PRS3-F[3]",0.534648,0.0917444982698962,0.626392498269896,1.85528756957328,0,-0.039978063819702
"95","CuSO4","SHR3-F[1,2]_RPB9-F[3]",0.470324,0,0.470324,1.32802124833997,0,-0.0104876685129976
"96","CuSO4","SHR3-F[1,2]_SHR3-F[3]",0.980324,0,0.980324,2.00400801603206,1,0.954580599760307
"97","CuSO4","SHR3-F[1,2]_SHR3-F[3]",0.980324,0,0.980324,2.00400801603206,1,0.954580599760307
"98","CuSO4","SHR3-F[1,2]_SNQ2-F[3]",0.280972,0,0.280972,1.17647058823529,0,-0.115745823735064
"99","CuSO4","TPO1-F[1,2]_DBP2-F[3]",0.444324,0.02670375,0.47102775,1.5527950310559,0,-0.0510980372434352
"100","CuSO4","TPO1-F[1,2]_FPR1-F[3]",0.850324,0.259196190476191,1.10952019047619,4.23728813559322,0,-0.0499989739431806
"101","CuSO4","TPO1-F[1,2]_ho::HphMX",0.440324,0,0.440324,1.29366106080207,0,NA
"102","CuSO4","TPO1-F[1,2]_HXT1-F[3]",0.31562,0,0.31562,1.194743130227,1,0.318790857305349
"103","CuSO4","TPO1-F[1,2]_IMD3-F[3]",0.154324,0.0185168,0.1728408,1.24069478908189,0,-0.247631490747619
"104","CuSO4","TPO1-F[1,2]_PDR5-F[3]",0.837296,0,0.837296,1.73010380622837,1,0.28941810024271
"105","CuSO4","TPO1-F[1,2]_PDR5-F[3]",0.837296,0,0.837296,1.73010380622837,1,0.28941810024271
"106","CuSO4","TPO1-F[1,2]_PRS3-F[3]",0.238324,0,0.238324,1.13895216400911,0,-0.118116315629724
"107","CuSO4","TPO1-F[1,2]_RPB9-F[3]",0.656972,0.13086875,0.78784075,2.30414746543779,0,-0.0423369799071127
"108","CuSO4","TPO1-F[1,2]_SHR3-F[3]",0.054648,0,0.054648,1.02880658436214,1,-0.116953735981196
"109","CuSO4","TPO1-F[1,2]_SHR3-F[3]",0.054648,0,0.054648,1.02880658436214,1,-0.116953735981196
"110","CuSO4","TPO1-F[1,2]_SNQ2-F[3]",0.552648,0,0.552648,1.38121546961326,1,0.00299064150891205
"111","DMSO","DBP2-F[1,2]_DBP2-F[3]",0.950648,0.18796380952381,1.13861180952381,4.13223140495868,1,0.587833425736803
"112","DMSO","DBP2-F[1,2]_DBP2-F[3]",0.950648,0.18796380952381,1.13861180952381,4.13223140495868,1,0.587833425736803
"113","DMSO","DBP2-F[1,2]_FPR1-F[3]",0.772648,0.106190588235294,0.878838588235294,2.48756218905473,0,0.0206347388662302
"114","DMSO","DBP2-F[1,2]_ho::HphMX",0.080648,0.00866666666666667,0.0893146666666667,1.17096018735363,0,NA
"115","DMSO","DBP2-F[1,2]_HXT1-F[3]",0.253122222222222,0.0598776859504132,0.312999908172635,1.41242937853107,0,-0.0304465560019821
"116","DMSO","DBP2-F[1,2]_IMD3-F[3]",0.040324,0.027551875,0.067875875,1.18343195266272,0,-0.166035748821172
"117","DMSO","DBP2-F[1,2]_PDR5-F[3]",0.21562,0.4222,0.63782,2.14132762312634,0,0.0306457352810402
"118","DMSO","DBP2-F[1,2]_PRS3-F[3]",0.231296,0.02770125,0.25899725,1.33511348464619,0,0.0116995801441555
"119","DMSO","DBP2-F[1,2]_RPB9-F[3]",0.664648,0.230518775510204,0.895166775510204,2.80112044817927,0,0.00315122883015528
"120","DMSO","DBP2-F[1,2]_SHR3-F[3]",0.170324,0,0.170324,1.21359223300971,0,0.0115145932206564
"121","DMSO","DBP2-F[1,2]_SNQ2-F[3]",0.194972,0,0.194972,1.230012300123,0,-0.101152445588104
"122","DMSO","DST1-F[1,2]_DBP2-F[3]",0.446972,0.289509375,0.736481375,2.38095238095238,0,-0.0895821647640939
"123","DMSO","DST1-F[1,2]_FPR1-F[3]",0.840972,0.373622222222222,1.21459422222222,5.78034682080925,0,-0.00940900192353979
"124","DMSO","DST1-F[1,2]_ho::HphMX",0.451296,0.432468888888889,0.883764888888889,2.89855072463768,0,NA
"125","DMSO","DST1-F[1,2]_HXT1-F[3]",0.182648,0,0.182648,1.21506682867558,0,-0.0251113467395234
"126","DMSO","DST1-F[1,2]_IMD3-F[3]",0.046972,0.0519342011834319,0.0989062011834319,1.21802679658953,0,-0.124872086361704
"127","DMSO","DST1-F[1,2]_PDR5-F[3]",0.062648,0.0228734567901235,0.0855214567901234,1.18623962040332,0,-0.0952422313898698
"128","DMSO","DST1-F[1,2]_PRS3-F[3]",0.634648,0.0206944444444444,0.655342444444444,1.77935943060498,0,0.0289060940456024
"129","DMSO","DST1-F[1,2]_RPB9-F[3]",0.87962,0.148432066115702,1.0280520661157,3.27868852459016,1,0.218688722226733
"130","DMSO","DST1-F[1,2]_SHR3-F[3]",0.138972,0.143204938271605,0.282176938271605,1.47275405007364,0,-0.0158209110866743
"131","DMSO","DST1-F[1,2]_SNQ2-F[3]",0.403296,0.127441875,0.530737875,1.76678445229682,0,-0.0627548035413696
"132","DMSO","FMP45-F[1,2]_DBP2-F[3]",0.692648,0.191802811791383,0.884450811791383,2.73224043715847,0,-0.0254546168855233
"133","DMSO","FMP45-F[1,2]_FPR1-F[3]",0.860324,0,0.860324,2.03252032520325,0,-0.0367551261677961
"134","DMSO","FMP45-F[1,2]_ho::HphMX",0.722324,0,0.722324,1.77935943060498,0,NA
"135","DMSO","FMP45-F[1,2]_HXT1-F[3]",0.08762,0.037922962962963,0.125542962962963,1.230012300123,1,0.108120271230961
"136","DMSO","FMP45-F[1,2]_HXT1-F[3]",0.08762,0.037922962962963,0.125542962962963,1.230012300123,1,0.108120271230961
"137","DMSO","FMP45-F[1,2]_IMD3-F[3]",0.370324,0,0.370324,1.35135135135135,0,-0.188126436375133
"138","DMSO","FMP45-F[1,2]_PDR5-F[3]",0.848972,0.0562492307692308,0.905221230769231,2.40963855421687,1,0.0647840753949897
"139","DMSO","FMP45-F[1,2]_PDR5-F[3]",0.848972,0.0562492307692308,0.905221230769231,2.40963855421687,1,0.0647840753949897
"140","DMSO","FMP45-F[1,2]_PRS3-F[3]",0.099296,0.237807202216066,0.337103202216066,1.57977883096367,0,-0.0233975936048791
"141","DMSO","FMP45-F[1,2]_RPB9-F[3]",0.567296,0.130615,0.697911,2.08333333333333,0,-0.0135172994656431
"142","DMSO","FMP45-F[1,2]_SHR3-F[3]",0.026648,0.0769822485207101,0.10363024852071,1.24069478908189,0,-0.0373562891855042
"143","DMSO","FMP45-F[1,2]_SNQ2-F[3]",0.306648,0.04316875,0.34981675,1.43266475644699,1,-0.0586126718911609
"144","DMSO","FMP45-F[1,2]_SNQ2-F[3]",0.306648,0.04316875,0.34981675,1.43266475644699,1,-0.0586126718911609
"145","DMSO","FTR1-F[1,2]_DBP2-F[3]",0.376324,0.246357479191439,0.622681479191439,2.06185567010309,0,-0.0522394574417068
"146","DMSO","FTR1-F[1,2]_FPR1-F[3]",0.758324,0,0.758324,1.80831826401447,0,-0.0323215806297883
"147","DMSO","FTR1-F[1,2]_ho::HphMX",0.082648,0.0654499173553719,0.148097917355372,1.26582278481013,0,NA
"148","DMSO","FTR1-F[1,2]_HXT1-F[3]",0.28762,0.083438,0.371058,1.49253731343284,1,0.205431699604574
"149","DMSO","FTR1-F[1,2]_HXT1-F[3]",0.28762,0.083438,0.371058,1.49253731343284,1,0.205431699604574
"150","DMSO","FTR1-F[1,2]_IMD3-F[3]",0.114324,0,0.114324,1.13895216400911,0,-0.249566093473328
"151","DMSO","FTR1-F[1,2]_PDR5-F[3]",0.353296,0,0.353296,1.31578947368421,0,0.103760085149745
"152","DMSO","FTR1-F[1,2]_PRS3-F[3]",0.121296,0,0.121296,1.14025085518814,0,-0.0614958568183933
"153","DMSO","FTR1-F[1,2]_RPB9-F[3]",0.646648,0.40992125,1.05656925,3.93700787401575,0,-0.0557922873630448
"154","DMSO","FTR1-F[1,2]_SHR3-F[3]",0.276324,0,0.276324,1.24843945068664,0,-0.0595011274903751
"155","DMSO","FTR1-F[1,2]_SNQ2-F[3]",0.604972,0,0.604972,1.56739811912226,0,-0.0294994166278417
"156","DMSO","ho::NatMX_DBP2-F[3]",0.438972,0,0.438972,1.38504155124654,0,NA
"157","DMSO","ho::NatMX_FPR1-F[3]",0.820324,0.087408,0.907732,2.49376558603491,0,NA
"158","DMSO","ho::NatMX_ho::HphMX",0.577296,0.0594221487603306,0.636718148760331,1.82815356489945,0,NA
"159","DMSO","ho::NatMX_HXT1-F[3]",0.12962,0.115229112426035,0.244849112426036,1.40056022408964,0,NA
"160","DMSO","ho::NatMX_IMD3-F[3]",0.100972,0.127788125,0.228760125,1.39664804469274,0,NA
"161","DMSO","ho::NatMX_PDR5-F[3]",0.751402777777778,0.0139056,0.765308377777778,1.94552529182879,0,NA
"162","DMSO","ho::NatMX_PRS3-F[3]",0.757683333333333,0.032754375,0.790437708333333,2.0703933747412,0,NA
"163","DMSO","ho::NatMX_RPB9-F[3]",0.533296,0,0.533296,1.46627565982405,0,NA
"164","DMSO","ho::NatMX_SHR3-F[3]",0.734648,0.134940495867769,0.869588495867769,2.59067357512953,0,NA
"165","DMSO","ho::NatMX_SNQ2-F[3]",0.344324,0.150057851239669,0.494381851239669,1.75438596491228,0,NA
"166","DMSO","HOM3-F[1,2]_DBP2-F[3]",0.464972,0.0751640236686391,0.540136023668639,1.69491525423729,0,0.0074054171199525
"167","DMSO","HOM3-F[1,2]_FPR1-F[3]",0.965296,0.296889,1.262185,6.5359477124183,1,1.02904050966939
"168","DMSO","HOM3-F[1,2]_ho::HphMX",0.620972,0.4619075,1.0828795,3.96825396825397,0,NA
"169","DMSO","HOM3-F[1,2]_HXT1-F[3]",0.304324,0,0.304324,1.24688279301746,0,-0.0270916408637011
"170","DMSO","HOM3-F[1,2]_IMD3-F[3]",0.79162,0.191356009070295,0.982976009070295,3.14465408805031,0,0.0158079593120332
"171","DMSO","HOM3-F[1,2]_PDR5-F[3]",0.570648,0,0.570648,1.4903129657228,0,-0.0245052941716534
"172","DMSO","HOM3-F[1,2]_PRS3-F[3]",0.33362,0.213640816326531,0.547260816326531,1.89753320683112,0,0.0523144343803376
"173","DMSO","HOM3-F[1,2]_RPB9-F[3]",0.506324,0.235891966759003,0.742215966759003,2.32018561484919,0,-0.0530711549801633
"174","DMSO","HOM3-F[1,2]_SHR3-F[3]",0.725296,0.350997916666667,1.07629391666667,4.08163265306122,0,0.0222400882560042
"175","DMSO","HOM3-F[1,2]_SNQ2-F[3]",0.218324,0.0182816,0.2366056,1.29032258064516,0,-0.08408787671513
"176","DMSO","IMD3-F[1,2]_DBP2-F[3]",0.358972,0.359719183673469,0.718691183673469,2.3696682464455,0,-0.133802002150724
"177","DMSO","IMD3-F[1,2]_FPR1-F[3]",0.770324,0,0.770324,1.73310225303293,0,0.0286368997535772
"178","DMSO","IMD3-F[1,2]_ho::HphMX",0.000280555555555556,0,0.000280555555555556,1.03842159916926,0,NA
"179","DMSO","IMD3-F[1,2]_HXT1-F[3]",0.196324,0.0806004733727811,0.276924473372781,1.39664804469274,0,-0.101915534351604
"180","DMSO","IMD3-F[1,2]_IMD3-F[3]",0.995296,0.197034048442907,1.19233004844291,4.78468899521531,1,1.0783443246914
"181","DMSO","IMD3-F[1,2]_IMD3-F[3]",0.995296,0.197034048442907,1.19233004844291,4.78468899521531,1,1.0783443246914
"182","DMSO","IMD3-F[1,2]_PDR5-F[3]",0.028972,0.114362962962963,0.143334962962963,1.30548302872063,0,-0.220610216767353
"183","DMSO","IMD3-F[1,2]_PRS3-F[3]",0.292324,0,0.292324,1.21802679658953,0,-0.124675720098868
"184","DMSO","IMD3-F[1,2]_RPB9-F[3]",0.468648,0,0.468648,1.36239782016349,0,-0.15953560904346
"185","DMSO","IMD3-F[1,2]_SHR3-F[3]",0.769296,0,0.769296,1.70940170940171,0,-0.0240181120499
"186","DMSO","IMD3-F[1,2]_SNQ2-F[3]",0.208324,0.0360459259259259,0.244369925925926,1.3262599469496,0,-0.157594628346881
"187","DMSO","PRS3-F[1,2]_DBP2-F[3]",0.584972,0.10377937716263,0.68875137716263,2.00803212851406,0,0.00378472332944396
"188","DMSO","PRS3-F[1,2]_FPR1-F[3]",0.816972,0.0981806228373703,0.91515262283737,2.56410256410256,0,0.11770824925373
"189","DMSO","PRS3-F[1,2]_ho::HphMX",0.20362,0.116366627218935,0.319986627218935,1.4792899408284,0,NA
"190","DMSO","PRS3-F[1,2]_HXT1-F[3]",0.325296,0.0779457988165681,0.403241798816568,1.52439024390244,0,0.052514112874018
"191","DMSO","PRS3-F[1,2]_IMD3-F[3]",0.23762,0,0.23762,1.16686114352392,0,0.00926363363774222
"192","DMSO","PRS3-F[1,2]_PDR5-F[3]",0.169296,0.0592221487603306,0.228518148760331,1.32978723404255,0,0.0677178965421004
"193","DMSO","PRS3-F[1,2]_PRS3-F[3]",0.970648,0.0680049382716049,1.0386529382716,2.91545189504373,1,0.936990187241653
"194","DMSO","PRS3-F[1,2]_PRS3-F[3]",0.970648,0.0680049382716049,1.0386529382716,2.91545189504373,1,0.936990187241653
"195","DMSO","PRS3-F[1,2]_RPB9-F[3]",0.66162,0.211689795918367,0.873309795918367,2.74725274725275,0,0.0600216156259472
"196","DMSO","PRS3-F[1,2]_SHR3-F[3]",0.38162,0.0254314814814815,0.407051481481482,1.47710487444609,0,0.0949404433258729
"197","DMSO","PRS3-F[1,2]_SNQ2-F[3]",0.211296,0.195179410430839,0.406475410430839,1.65837479270315,0,-0.0376653092503156
"198","DMSO","SHR3-F[1,2]_DBP2-F[3]",0.556324,0.0237783950617284,0.580102395061728,1.68634064080944,0,0.0433148487694109
"199","DMSO","SHR3-F[1,2]_FPR1-F[3]",0.906972,0.136961570247934,1.04393357024793,3.35570469798658,0,0.0404938797959092
"200","DMSO","SHR3-F[1,2]_ho::HphMX",0.616324,0.324442644628099,0.940766644628099,3.26797385620915,0,NA
"201","DMSO","SHR3-F[1,2]_HXT1-F[3]",0.512972,0,0.512972,1.37362637362637,1,0.0965513113407185
"202","DMSO","SHR3-F[1,2]_IMD3-F[3]",0.792648,0,0.792648,1.69779286926995,0,-0.109426431324854
"203","DMSO","SHR3-F[1,2]_PDR5-F[3]",0.710648,0.108006419753086,0.818654419753086,2.32558139534884,0,0.00555347310326031
"204","DMSO","SHR3-F[1,2]_PRS3-F[3]",0.499402777777778,0,0.499402777777778,1.3550135501355,0,-0.000708887290923262
"205","DMSO","SHR3-F[1,2]_RPB9-F[3]",0.508648,0.314745555555556,0.823393555555555,2.7027027027027,0,0.0222332417296603
"206","DMSO","SHR3-F[1,2]_SHR3-F[3]",0.984972,0.174501625708885,1.15947362570888,4.29184549356223,1,1.00810875743071
"207","DMSO","SHR3-F[1,2]_SHR3-F[3]",0.984972,0.174501625708885,1.15947362570888,4.29184549356223,1,1.00810875743071
"208","DMSO","SHR3-F[1,2]_SNQ2-F[3]",0.274648,0.043625,0.318273,1.40252454417952,0,-0.0615214099363541
"209","DMSO","TPO1-F[1,2]_DBP2-F[3]",0.406972,0.316411652794293,0.723383652794293,2.38663484486873,0,-0.0376022245062714
"210","DMSO","TPO1-F[1,2]_FPR1-F[3]",0.782324,0.00422222222222222,0.786546222222222,1.9723865877712,0,-0.081297536705589
"211","DMSO","TPO1-F[1,2]_ho::HphMX",0.456324,0.131189669421488,0.587513669421488,1.87617260787993,0,NA
"212","DMSO","TPO1-F[1,2]_HXT1-F[3]",0.78762,0.247717193816885,1.03533719381688,3.59712230215827,1,0.507038284187493
"213","DMSO","TPO1-F[1,2]_IMD3-F[3]",0.126324,0.102190588235294,0.228514588235294,1.37362637362637,0,-0.284121222452067
"214","DMSO","TPO1-F[1,2]_PDR5-F[3]",0.91762,0.148806280991736,1.06642628099174,3.50877192982456,1,0.407839735848909
"215","DMSO","TPO1-F[1,2]_PDR5-F[3]",0.91762,0.148806280991736,1.06642628099174,3.50877192982456,1,0.407839735848909
"216","DMSO","TPO1-F[1,2]_PRS3-F[3]",0.19962,0.0945565397923875,0.294176539792388,1.42045454545455,0,-0.116084195844796
"217","DMSO","TPO1-F[1,2]_RPB9-F[3]",0.652972,0.348133333333333,1.00110533333333,3.52112676056338,0,-0.0196808950759309
"218","DMSO","TPO1-F[1,2]_SHR3-F[3]",0.090324,0.0695279012345679,0.159851901234568,1.27877237851662,1,-0.0756322081613618
"219","DMSO","TPO1-F[1,2]_SHR3-F[3]",0.090324,0.0695279012345679,0.159851901234568,1.27877237851662,1,-0.0756322081613618
"220","DMSO","TPO1-F[1,2]_SNQ2-F[3]",0.526324,0.147283636363636,0.673607636363636,2.0746887966805,1,0.0775340655675097
"221","FK506","DBP2-F[1,2]_DBP2-F[3]",0.948324,0.0529150295857988,1.0012390295858,2.710027100271,1,0.422897703601862
"222","FK506","DBP2-F[1,2]_DBP2-F[3]",0.948324,0.0529150295857988,1.0012390295858,2.710027100271,1,0.422897703601862
"223","FK506","DBP2-F[1,2]_FPR1-F[3]",0.802972,0.118691597633136,0.921663597633136,2.66666666666667,0,-0.000513382458655162
"224","FK506","DBP2-F[1,2]_ho::HphMX",0.066972,0.133954545454545,0.200926545454545,1.38312586445367,0,NA
"225","FK506","DBP2-F[1,2]_HXT1-F[3]",0.256648,0.015976,0.272624,1.31752305665349,0,-0.058350837961218
"226","FK506","DBP2-F[1,2]_IMD3-F[3]",0.023296,0.249546492271106,0.272842492271106,1.5220700152207,0,-0.0892047798888769
"227","FK506","DBP2-F[1,2]_PDR5-F[3]",0.216648,0.090574,0.307222,1.42857142857143,0,-0.00631710877019531
"228","FK506","DBP2-F[1,2]_PRS3-F[3]",0.296324,0.40618625,0.70251025,2.32558139534884,0,-0.0186707352574542
"229","FK506","DBP2-F[1,2]_RPB9-F[3]",0.796972,0.43370962962963,1.23068162962963,5.84795321637427,0,-0.0429572586648734
"230","FK506","DBP2-F[1,2]_SHR3-F[3]",0.191296,0.29020625,0.48150225,1.83150183150183,0,-0.000831426814350953
"231","FK506","DBP2-F[1,2]_SNQ2-F[3]",0.379296,0.4898925,0.8691885,2.73972602739726,0,-0.0506670729216241
"232","FK506","DST1-F[1,2]_DBP2-F[3]",0.530972,0.349439583333333,0.880411583333333,2.91545189504373,0,-0.0159933078062222
"233","FK506","DST1-F[1,2]_FPR1-F[3]",0.801296,0.0955806228373702,0.89687662283737,2.48756218905473,0,-0.0188459789171191
"234","FK506","DST1-F[1,2]_ho::HphMX",0.369296,0.210802130177515,0.580098130177515,1.94552529182879,0,NA
"235","FK506","DST1-F[1,2]_HXT1-F[3]",0.147296,0.270165,0.417461,1.71232876712329,0,-0.0568404770680968
"236","FK506","DST1-F[1,2]_IMD3-F[3]",0.058972,0.0801640236686391,0.139136023668639,1.27064803049555,0,-0.0744697112284285
"237","FK506","DST1-F[1,2]_PDR5-F[3]",0.064324,0,0.064324,1.13122171945701,0,-0.0300917147842642
"238","FK506","DST1-F[1,2]_PRS3-F[3]",0.704972,0.183725,0.888697,2.73224043715847,0,-0.00724412787715467
"239","FK506","DST1-F[1,2]_RPB9-F[3]",0.914972,0.232504285714286,1.14747628571429,4.34782608695652,1,0.1463019719162
"240","FK506","DST1-F[1,2]_SHR3-F[3]",0.17762,0.6265625,0.8041825,2.28310502283105,0,-0.0145011409362588
"241","FK506","DST1-F[1,2]_SNQ2-F[3]",0.46762,0.329389090909091,0.797009090909091,2.63157894736842,0,0.00130189897927867
"242","FK506","FMP45-F[1,2]_DBP2-F[3]",0.718972,0.193434013605442,0.912406013605442,2.84900284900285,0,-0.0344093148461667
"243","FK506","FMP45-F[1,2]_FPR1-F[3]",0.864648,0.00233333333333333,0.866981333333333,2.13675213675214,0,-0.0574523448941686
"244","FK506","FMP45-F[1,2]_ho::HphMX",0.752280555555556,0.146966913580247,0.899247469135802,2.7027027027027,0,NA
"245","FK506","FMP45-F[1,2]_HXT1-F[3]",0.045296,0,0.045296,1.10864745011086,1,-0.00466214654943255
"246","FK506","FMP45-F[1,2]_HXT1-F[3]",0.045296,0,0.045296,1.10864745011086,1,-0.00466214654943255
"247","FK506","FMP45-F[1,2]_IMD3-F[3]",0.342324,0.0213679012345679,0.363691901234568,1.41442715700141,0,-0.149763022353748
"248","FK506","FMP45-F[1,2]_PDR5-F[3]",0.834648,0.0918047058823529,0.926452705882353,2.57731958762887,1,0.0290949958421866
"249","FK506","FMP45-F[1,2]_PDR5-F[3]",0.834648,0.0918047058823529,0.926452705882353,2.57731958762887,1,0.0290949958421866
"250","FK506","FMP45-F[1,2]_PRS3-F[3]",0.088972,0.351792708333333,0.440764708333333,1.7825311942959,0,-0.031274102024167
"251","FK506","FMP45-F[1,2]_RPB9-F[3]",0.69762,0.312477777777778,1.01009777777778,3.6101083032491,0,-0.0533621375375827
"252","FK506","FMP45-F[1,2]_SHR3-F[3]",0.012648,0.370729134948097,0.383377134948097,1.69491525423729,0,-0.071609637811327
"253","FK506","FMP45-F[1,2]_SNQ2-F[3]",0.36162,0.200706435986159,0.562326435986159,1.91570881226054,1,-0.0298782465402937
"254","FK506","FMP45-F[1,2]_SNQ2-F[3]",0.36162,0.200706435986159,0.562326435986159,1.91570881226054,1,-0.0298782465402937
"255","FK506","FTR1-F[1,2]_DBP2-F[3]",0.45962,0.398274444444444,0.857894444444445,2.84090909090909,0,-0.0603427187142852
"256","FK506","FTR1-F[1,2]_FPR1-F[3]",0.778648,0.0566684023668639,0.835316402366864,2.2271714922049,0,-0.052243450117454
"257","FK506","FTR1-F[1,2]_ho::HphMX",0.050648,0.182775,0.233423,1.44092219020173,0,NA
"258","FK506","FTR1-F[1,2]_HXT1-F[3]",0.15362,0,0.15362,1.16550116550117,1,0.0897848928593492
"259","FK506","FTR1-F[1,2]_HXT1-F[3]",0.15362,0,0.15362,1.16550116550117,1,0.0897848928593492
"260","FK506","FTR1-F[1,2]_IMD3-F[3]",0.134324,0.208859881656805,0.343183881656805,1.57977883096367,0,-0.137716687450959
"261","FK506","FTR1-F[1,2]_PDR5-F[3]",0.45362,0.160631404958678,0.614251404958678,1.96850393700787,0,0.107670752782266
"262","FK506","FTR1-F[1,2]_PRS3-F[3]",0.104648,0.0154352,0.1200832,1.19617224880383,0,-0.0502184739459992
"263","FK506","FTR1-F[1,2]_RPB9-F[3]",0.598648,0,0.598648,1.56494522691706,0,-0.10426802462458
"264","FK506","FTR1-F[1,2]_SHR3-F[3]",0.242841666666667,0.0660776859504132,0.30891935261708,1.41043723554302,0,-0.0513610999072989
"265","FK506","FTR1-F[1,2]_SNQ2-F[3]",0.642972,0.085374,0.728346,2.03665987780041,0,0.0092113985038
"266","FK506","ho::NatMX_DBP2-F[3]",0.561296,0.0909204152249135,0.652216415224913,1.89753320683112,0,NA
"267","FK506","ho::NatMX_FPR1-F[3]",0.832972,0.0508108875739645,0.883782887573964,2.32558139534884,0,NA
"268","FK506","ho::NatMX_ho::HphMX",0.671296,0.2895959375,0.9608919375,3.25732899022801,0,NA
"269","FK506","ho::NatMX_HXT1-F[3]",0.148324,0,0.148324,1.14942528735632,0,NA
"270","FK506","ho::NatMX_IMD3-F[3]",0.106972,0.0569725443786982,0.163944544378698,1.27551020408163,0,NA
"271","FK506","ho::NatMX_PDR5-F[3]",0.883296,0.364340484429066,1.24763648442907,6.28930817610063,0,NA
"272","FK506","ho::NatMX_PRS3-F[3]",0.901296,0.400440555555556,1.30173655555556,7.75193798449612,0,NA
"273","FK506","ho::NatMX_RPB9-F[3]",0.655296,0.10137937716263,0.75667537716263,2.14592274678112,0,NA
"274","FK506","ho::NatMX_SHR3-F[3]",0.81362,0.317390487514863,1.13101048751486,4.71698113207547,0,NA
"275","FK506","ho::NatMX_SNQ2-F[3]",0.419296,0.330535537190083,0.749831537190083,2.48138957816377,0,NA
"276","FK506","HOM3-F[1,2]_DBP2-F[3]",0.541296,0,0.541296,1.46842878120411,0,-0.0181622459600489
"277","FK506","HOM3-F[1,2]_FPR1-F[3]",0.868972,0,0.868972,1.93050193050193,1,0.0909538918811011
"278","FK506","HOM3-F[1,2]_ho::HphMX",0.494280555555556,0.0544300591715976,0.548710614727153,1.68350168350168,0,NA
"279","FK506","HOM3-F[1,2]_HXT1-F[3]",0.328972,0.165693125,0.494665125,1.7636684303351,0,-0.0304915278687238
"280","FK506","HOM3-F[1,2]_IMD3-F[3]",0.364648,0,0.364648,1.29366106080207,0,-0.121938187763724
"281","FK506","HOM3-F[1,2]_PDR5-F[3]",0.602324,0.100390588235294,0.702714588235294,2.02839756592292,0,-0.0512190741178188
"282","FK506","HOM3-F[1,2]_PRS3-F[3]",0.248561111111111,0,0.248561111111111,1.20048019207683,0,-0.0327408959778485
"283","FK506","HOM3-F[1,2]_RPB9-F[3]",0.548972,0.177035009451796,0.726007009451796,2.2271714922049,0,-0.0565342180640846
"284","FK506","HOM3-F[1,2]_SHR3-F[3]",0.436648,0,0.436648,1.34952766531714,0,-0.0296865395967291
"285","FK506","HOM3-F[1,2]_SNQ2-F[3]",0.339296,0.258512380952381,0.597808380952381,2.02839756592292,0,-0.0613362082500206
"286","FK506","IMD3-F[1,2]_DBP2-F[3]",0.326324,0.0403279012345679,0.366651901234568,1.44717800289436,0,-0.120397583288231
"287","FK506","IMD3-F[1,2]_FPR1-F[3]",0.814324,0.0629054545454545,0.877229454545454,2.35294117647059,0,-0.0911896658978579
"288","FK506","IMD3-F[1,2]_ho::HphMX",0.00712222222222222,0.4647775,0.471899722222222,1.7921146953405,0,NA
"289","FK506","IMD3-F[1,2]_HXT1-F[3]",0.102324,0,0.102324,1.09529025191676,0,-0.0843840303140571
"290","FK506","IMD3-F[1,2]_IMD3-F[3]",0.990648,0.302076363636364,1.29272436363636,7.2463768115942,1,0.87507476631912
"291","FK506","IMD3-F[1,2]_IMD3-F[3]",0.990648,0.302076363636364,1.29272436363636,7.2463768115942,1,0.87507476631912
"292","FK506","IMD3-F[1,2]_PDR5-F[3]",0.0114027777777778,0.17581595463138,0.187218732409158,1.39082058414465,0,-0.134669120204432
"293","FK506","IMD3-F[1,2]_PRS3-F[3]",0.491296,0.494066446280992,0.985362446280992,3.24675324675325,0,-0.0217728366223522
"294","FK506","IMD3-F[1,2]_RPB9-F[3]",0.54762,0.2275168,0.7751368,2.39234449760766,0,-0.193476637807563
"295","FK506","IMD3-F[1,2]_SHR3-F[3]",0.890648,0.349403125,1.240051125,6.09756097560976,0,-0.00682766733773962
"296","FK506","IMD3-F[1,2]_SNQ2-F[3]",0.34162,0.543706944444444,0.885326944444444,2.68817204301075,0,-0.0816087464775188
"297","FK506","PRS3-F[1,2]_DBP2-F[3]",0.728972,0.252274285714286,0.981246285714286,3.3112582781457,0,0.0109555410386272
"298","FK506","PRS3-F[1,2]_FPR1-F[3]",0.780972,0,0.780972,1.71821305841924,0,0.0411115291387394
"299","FK506","PRS3-F[1,2]_ho::HphMX",0.251683333333333,0.248917193816885,0.500600527150218,1.83823529411765,0,NA
"300","FK506","PRS3-F[1,2]_HXT1-F[3]",0.42762,0.316765089179548,0.744385089179548,2.45700245700246,0,0.0238412518679667
"301","FK506","PRS3-F[1,2]_IMD3-F[3]",0.59362,0.599474375,1.193094375,4.31034482758621,0,0.0836048809298914
"302","FK506","PRS3-F[1,2]_PDR5-F[3]",0.25562,0.378243950617284,0.633863950617284,2.1551724137931,0,0.0339067018418825
"303","FK506","PRS3-F[1,2]_PRS3-F[3]",0.97762,0.650034722222222,1.62765472222222,31.25,1,0.76783596182856
"304","FK506","PRS3-F[1,2]_PRS3-F[3]",0.97762,0.650034722222222,1.62765472222222,31.25,1,0.76783596182856
"305","FK506","PRS3-F[1,2]_RPB9-F[3]",0.744972,0.283043786982249,1.02801578698225,3.64963503649635,0,0.00296680959454806
"306","FK506","PRS3-F[1,2]_SHR3-F[3]",0.73962,0.59705,1.33667,6.25,0,0.0847096682549921
"307","FK506","PRS3-F[1,2]_SNQ2-F[3]",0.294972,0.211640816326531,0.506612816326531,1.82481751824818,0,-0.0563733943854297
"308","FK506","SHR3-F[1,2]_DBP2-F[3]",0.694972,0.196117785467128,0.891089785467128,2.77777777777778,0,0.0022254014732737
"309","FK506","SHR3-F[1,2]_FPR1-F[3]",0.870324,0,0.870324,1.82815356489945,0,-0.00796213066795341
"310","FK506","SHR3-F[1,2]_ho::HphMX",0.580324,0.156839669421488,0.737163669421488,2.23214285714286,0,NA
"311","FK506","SHR3-F[1,2]_HXT1-F[3]",0.53762,0.100368166089965,0.637988166089965,1.89753320683112,1,0.0540655775159769
"312","FK506","SHR3-F[1,2]_IMD3-F[3]",0.923296,0.500666446280992,1.42396244628099,10.989010989011,0,-0.012429103395541
"313","FK506","SHR3-F[1,2]_PDR5-F[3]",0.811296,0.549361983471074,1.36065798347107,7.46268656716418,0,0.00858391151523641
"314","FK506","SHR3-F[1,2]_PRS3-F[3]",0.741296,0.51001,1.251306,5.64971751412429,0,0.00401992191062875
"315","FK506","SHR3-F[1,2]_RPB9-F[3]",0.62362,0.307635454545455,0.931255454545455,3.17460317460317,0,-0.0242129547926012
"316","FK506","SHR3-F[1,2]_SHR3-F[3]",0.988324,0.53419875,1.52252275,20,1,0.823045556831187
"317","FK506","SHR3-F[1,2]_SHR3-F[3]",0.988324,0.53419875,1.52252275,20,1,0.823045556831187
"318","FK506","SHR3-F[1,2]_SNQ2-F[3]",0.382648,0.245750154577883,0.628398154577883,2.0703933747412,0,-0.0501875061531165
"319","FK506","TPO1-F[1,2]_DBP2-F[3]",0.479296,0.190402811791383,0.669698811791383,2.10526315789474,0,-0.010449100264819
"320","FK506","TPO1-F[1,2]_FPR1-F[3]",0.794324,0,0.794324,1.68067226890756,0,-0.109285811184886
"321","FK506","TPO1-F[1,2]_ho::HphMX",0.412324,0.0467375,0.4590615,1.55763239875389,0,NA
"322","FK506","TPO1-F[1,2]_HXT1-F[3]",0.958324,0.789329375,1.747653375,41.6666666666667,1,0.607628412021013
"323","FK506","TPO1-F[1,2]_IMD3-F[3]",0.26562,0.76839625,1.03401625,2.67379679144385,0,-0.0911256817549659
"324","FK506","TPO1-F[1,2]_PDR5-F[3]",0.95762,0.784603125,1.742223125,38.4615384615385,1,0.651629966109091
"325","FK506","TPO1-F[1,2]_PDR5-F[3]",0.95762,0.784603125,1.742223125,38.4615384615385,1,0.651629966109091
"326","FK506","TPO1-F[1,2]_PRS3-F[3]",0.213296,0.395436033057851,0.608732033057851,2.10084033613445,0,-0.0633627213821047
"327","FK506","TPO1-F[1,2]_RPB9-F[3]",0.606324,0.0235574074074074,0.629881407407407,1.75746924428822,0,-0.0664179092576259
"328","FK506","TPO1-F[1,2]_SHR3-F[3]",0.03962,0.76205,0.80167,2.04498977505112,1,-0.0040399575636773
"329","FK506","TPO1-F[1,2]_SHR3-F[3]",0.03962,0.76205,0.80167,2.04498977505112,1,-0.0040399575636773
"330","FK506","TPO1-F[1,2]_SNQ2-F[3]",0.89962,0.750164444444444,1.64978444444444,16.3934426229508,1,0.169405672045582
"331","H2O2","DBP2-F[1,2]_DBP2-F[3]",0.952972,0.291185625,1.244157625,6.09756097560976,1,0.495054158415862
"332","H2O2","DBP2-F[1,2]_DBP2-F[3]",0.952972,0.291185625,1.244157625,6.09756097560976,1,0.495054158415862
"333","H2O2","DBP2-F[1,2]_FPR1-F[3]",0.824972,0.27020625,1.09517825,4.0983606557377,0,0.0215463001022188
"334","H2O2","DBP2-F[1,2]_ho::HphMX",0.06962,0.483590082644628,0.553210082644628,1.91204588910134,0,NA
"335","H2O2","DBP2-F[1,2]_HXT1-F[3]",0.30162,0.575424489795918,0.877044489795918,2.60416666666667,0,-0.0564670321148829
"336","H2O2","DBP2-F[1,2]_IMD3-F[3]",0.019296,0.482907107438017,0.502203107438017,1.82149362477231,0,-0.149088814767031
"337","H2O2","DBP2-F[1,2]_PDR5-F[3]",0.226648,0.031453125,0.258101125,1.33333333333333,0,0.0112360341367147
"338","H2O2","DBP2-F[1,2]_PRS3-F[3]",0.259296,0.107428148148148,0.366724148148148,1.5220700152207,0,-0.0118146869669895
"339","H2O2","DBP2-F[1,2]_RPB9-F[3]",0.763296,0.455809795918367,1.21910579591837,5.49450549450549,0,-0.0117686433981678
"340","H2O2","DBP2-F[1,2]_SHR3-F[3]",0.159296,0.38860132231405,0.54789732231405,1.96463654223969,0,-0.016369937635031
"341","H2O2","DBP2-F[1,2]_SNQ2-F[3]",0.366972,0.390319338842975,0.757291338842975,2.5,0,-0.00477165449121722
"342","H2O2","DST1-F[1,2]_DBP2-F[3]",0.454972,0.237454293628809,0.692426293628809,2.19298245614035,0,-0.0638249291305149
"343","H2O2","DST1-F[1,2]_FPR1-F[3]",0.808648,0.244783115338882,1.05343111533888,3.66300366300366,0,-0.00380127483136738
"344","H2O2","DST1-F[1,2]_ho::HphMX",0.48562,0.420342857142857,0.905962857142857,3.003003003003,0,NA
"345","H2O2","DST1-F[1,2]_HXT1-F[3]",0.14162,0.581948611111111,0.723568611111111,2.16450216450216,0,-0.044362159307257
"346","H2O2","DST1-F[1,2]_IMD3-F[3]",0.073296,0.211016568047337,0.284312568047337,1.51285930408472,0,-0.101805765414788
"347","H2O2","DST1-F[1,2]_PDR5-F[3]",0.05362,0.125388125,0.179008125,1.34770889487871,0,-0.0473500022056389
"348","H2O2","DST1-F[1,2]_PRS3-F[3]",0.682648,0.129815,0.812463,2.36406619385343,0,0.0238874811198565
"349","H2O2","DST1-F[1,2]_RPB9-F[3]",0.895296,0.159877685950413,1.05517368595041,3.46020761245675,1,0.153669399775976
"350","H2O2","DST1-F[1,2]_SHR3-F[3]",0.156972,0.234333265306122,0.391305265306122,1.64473684210526,0,-0.00880733218185396
"351","H2O2","DST1-F[1,2]_SNQ2-F[3]",0.443296,0.272165,0.715461,2.30414746543779,0,-0.0660046500147788
"352","H2O2","FMP45-F[1,2]_DBP2-F[3]",0.716648,0.0955926643598616,0.812240664359862,2.25733634311512,0,-0.0366240990717331
"353","H2O2","FMP45-F[1,2]_FPR1-F[3]",0.912324,0.359292244897959,1.27161624489796,6.84931506849315,0,-0.0436690594143154
"354","H2O2","FMP45-F[1,2]_ho::HphMX",0.830324,0.304711818181818,1.13503581818182,4.67289719626168,0,NA
"355","H2O2","FMP45-F[1,2]_HXT1-F[3]",0.09762,0.1251478125,0.2227678125,1.3869625520111,1,0.0354680923640038
"356","H2O2","FMP45-F[1,2]_HXT1-F[3]",0.09762,0.1251478125,0.2227678125,1.3869625520111,1,0.0354680923640038
"357","H2O2","FMP45-F[1,2]_IMD3-F[3]",0.410648,0.211117633136095,0.621765633136095,2.03665987780041,0,-0.182569995103792
"358","H2O2","FMP45-F[1,2]_PDR5-F[3]",0.880648,0.11164987654321,0.99229787654321,2.91545189504373,1,0.0353723060890526
"359","H2O2","FMP45-F[1,2]_PDR5-F[3]",0.880648,0.11164987654321,0.99229787654321,2.91545189504373,1,0.0353723060890526
"360","H2O2","FMP45-F[1,2]_PRS3-F[3]",0.111296,0.157654545454545,0.268950545454545,1.46627565982405,0,-0.0362887301007156
"361","H2O2","FMP45-F[1,2]_RPB9-F[3]",0.67362,0.33565,1.00927,3.63636363636364,0,-0.0744375440313148
"362","H2O2","FMP45-F[1,2]_SHR3-F[3]",0.042324,0.164693125,0.207017125,1.40449438202247,0,-0.0498007288290039
"363","H2O2","FMP45-F[1,2]_SNQ2-F[3]",0.433296,0.269965,0.703261,2.26244343891403,1,-0.0439693436195865
"364","H2O2","FMP45-F[1,2]_SNQ2-F[3]",0.433296,0.269965,0.703261,2.26244343891403,1,-0.0439693436195865
"365","H2O2","FTR1-F[1,2]_DBP2-F[3]",0.428972,0.323211652794293,0.752183652794293,2.48756218905473,0,-0.059471394419043
"366","H2O2","FTR1-F[1,2]_FPR1-F[3]",0.755122222222222,0.031855625,0.786977847222222,2.06185567010309,0,-0.072223467462898
"367","H2O2","FTR1-F[1,2]_ho::HphMX",0.078972,0.232275306122449,0.311247306122449,1.54083204930663,0,NA
"368","H2O2","FTR1-F[1,2]_HXT1-F[3]",0.92562,0.390298512396694,1.31591851239669,8.19672131147541,1,0.373065771722219
"369","H2O2","FTR1-F[1,2]_HXT1-F[3]",0.92562,0.390298512396694,1.31591851239669,8.19672131147541,1,0.373065771722219
"370","H2O2","FTR1-F[1,2]_IMD3-F[3]",0.184972,0.281243786982249,0.466215786982249,1.79856115107914,0,-0.174006653921224
"371","H2O2","FTR1-F[1,2]_PDR5-F[3]",0.61562,0.238026038781163,0.853646038781163,2.67379679144385,0,0.157084634679046
"372","H2O2","FTR1-F[1,2]_PRS3-F[3]",0.172972,0.2880578125,0.4610298125,1.78890876565295,0,-0.0600674240993761
"373","H2O2","FTR1-F[1,2]_RPB9-F[3]",0.676972,0.367774532871972,1.04474653287197,3.84615384615385,0,-0.0495046163825505
"374","H2O2","FTR1-F[1,2]_SHR3-F[3]",0.291296,0.247139167657551,0.538435167657551,1.89753320683112,0,-0.0424263222760521
"375","H2O2","FTR1-F[1,2]_SNQ2-F[3]",0.701296,0.245335505350773,0.946631505350773,3.06748466257669,0,0.00687886804960266
"376","H2O2","ho::NatMX_DBP2-F[3]",0.355296,0.389387438016529,0.744683438016529,2.4390243902439,0,NA
"377","H2O2","ho::NatMX_FPR1-F[3]",0.80562,0.112460740740741,0.918080740740741,2.63157894736842,0,NA
"378","H2O2","ho::NatMX_ho::HphMX",0.502841666666667,0,0.502841666666667,1.44508670520231,0,NA
"379","H2O2","ho::NatMX_HXT1-F[3]",0.16562,0.425985714285714,0.591605714285714,2.04081632653061,0,NA
"380","H2O2","ho::NatMX_IMD3-F[3]",0.133296,0.484590082644628,0.617886082644628,2.04081632653061,0,NA
"381","H2O2","ho::NatMX_PDR5-F[3]",0.714972,0,0.714972,1.69779286926995,0,NA
"382","H2O2","ho::NatMX_PRS3-F[3]",0.684324,0,0.684324,1.65289256198347,0,NA
"383","H2O2","ho::NatMX_RPB9-F[3]",0.64962,0.267730625,0.917350625,2.98507462686567,0,NA
"384","H2O2","ho::NatMX_SHR3-F[3]",0.630324,0.113173827160494,0.743497827160494,2.14592274678112,0,NA
"385","H2O2","ho::NatMX_SNQ2-F[3]",0.409296,0.373119012345679,0.782415012345679,2.55754475703325,0,NA
"386","H2O2","HOM3-F[1,2]_DBP2-F[3]",0.501683333333333,0.173873119092628,0.675556452425961,2.10084033613445,0,-0.0522311321018771
"387","H2O2","HOM3-F[1,2]_FPR1-F[3]",0.960648,0.242873130193906,1.20352113019391,5.05050505050505,1,0.858900966720611
"388","H2O2","HOM3-F[1,2]_ho::HphMX",0.636324,0.440333333333333,1.07665733333333,4.04858299595142,0,NA
"389","H2O2","HOM3-F[1,2]_HXT1-F[3]",0.391296,0.235854293628809,0.627150293628809,2.04081632653061,0,-0.0485660044607077
"390","H2O2","HOM3-F[1,2]_IMD3-F[3]",0.86762,0.292238,1.159858,4.85436893203883,0,0.0120398913596356
"391","H2O2","HOM3-F[1,2]_PDR5-F[3]",0.674972,0.257704761904762,0.932676761904762,3.06748466257669,0,-0.0182827028570859
"392","H2O2","HOM3-F[1,2]_PRS3-F[3]",0.38762,0.389994380165289,0.777614380165289,2.55102040816327,0,0.0354444654985643
"393","H2O2","HOM3-F[1,2]_RPB9-F[3]",0.610972,0.648486111111111,1.25945811111111,4.62962962962963,0,-0.00395743988988794
"394","H2O2","HOM3-F[1,2]_SHR3-F[3]",0.70962,0.30441,1.01403,3.6231884057971,0,0.00327342162359711
"395","H2O2","HOM3-F[1,2]_SNQ2-F[3]",0.392972,0.386845714285714,0.779817714285714,2.54452926208651,0,-0.095545591733095
"396","H2O2","IMD3-F[1,2]_DBP2-F[3]",0.416972,0.545167777777778,0.962139777777778,3.003003003003,0,-0.0595946715422994
"397","H2O2","IMD3-F[1,2]_FPR1-F[3]",0.884324,0.27300625,1.15733025,4.71698113207547,0,-0.0375838291875135
"398","H2O2","IMD3-F[1,2]_ho::HphMX",0.020324,0.107039012345679,0.127363012345679,1.28700128700129,0,NA
"399","H2O2","IMD3-F[1,2]_HXT1-F[3]",0.220972,0.353023958333333,0.573995958333333,2.02429149797571,0,-0.0986835217144152
"400","H2O2","IMD3-F[1,2]_IMD3-F[3]",0.9981,0.281595266272189,1.27969526627219,6.75675675675676,1,0.92797020392432
"401","H2O2","IMD3-F[1,2]_IMD3-F[3]",0.9981,0.281595266272189,1.27969526627219,6.75675675675676,1,0.92797020392432
"402","H2O2","IMD3-F[1,2]_PDR5-F[3]",0.030324,0,0.030324,1.0515247108307,0,-0.156591951502272
"403","H2O2","IMD3-F[1,2]_PRS3-F[3]",0.414324,0.2882475,0.7025715,2.2883295194508,0,-0.0779465416416241
"404","H2O2","IMD3-F[1,2]_RPB9-F[3]",0.613296,0.587924166666667,1.20122016666667,4.46428571428571,0,-0.128736706320677
"405","H2O2","IMD3-F[1,2]_SHR3-F[3]",0.859296,0.122029112426035,0.981325112426035,2.91545189504373,0,-0.0553540410541786
"406","H2O2","IMD3-F[1,2]_SNQ2-F[3]",0.308972,0.199106435986159,0.508078435986159,1.82149362477231,0,-0.134320539221193
"407","H2O2","PRS3-F[1,2]_DBP2-F[3]",0.626972,0.179235009451796,0.806207009451796,2.45098039215686,0,0.0326426318814081
"408","H2O2","PRS3-F[1,2]_FPR1-F[3]",0.886972,0.317020118906064,1.20399211890606,5.68181818181818,0,0.0927242592286356
"409","H2O2","PRS3-F[1,2]_ho::HphMX",0.31162,0.585438888888889,0.897058888888889,2.65957446808511,0,NA
"410","H2O2","PRS3-F[1,2]_HXT1-F[3]",0.348972,0.189771609977324,0.538743609977324,1.84842883548983,0,0.0197281187258802
"411","H2O2","PRS3-F[1,2]_IMD3-F[3]",0.42162,0.238560110803324,0.660180110803324,2.12765957446809,0,0.0332470060828987
"412","H2O2","PRS3-F[1,2]_PDR5-F[3]",0.322972,0.6472875,0.9702595,2.77008310249307,0,0.0743289165389833
"413","H2O2","PRS3-F[1,2]_PRS3-F[3]",0.975296,0.23892243767313,1.21421843767313,5.20833333333333,1,0.795029397864493
"414","H2O2","PRS3-F[1,2]_PRS3-F[3]",0.975296,0.23892243767313,1.21421843767313,5.20833333333333,1,0.795029397864493
"415","H2O2","PRS3-F[1,2]_RPB9-F[3]",0.731296,0.377547160493827,1.10884316049383,4.40528634361233,0,-0.0189689735754969
"416","H2O2","PRS3-F[1,2]_SHR3-F[3]",0.52962,0.302959090909091,0.832579090909091,2.71739130434783,0,0.0834252208859383
"417","H2O2","PRS3-F[1,2]_SNQ2-F[3]",0.245402777777778,0.4860375,0.731440277777778,2.3094688221709,0,-0.0113782620257967
"418","H2O2","SHR3-F[1,2]_DBP2-F[3]",0.644648,0.29254,0.937188,3.16455696202532,0,-0.00988964306798708
"419","H2O2","SHR3-F[1,2]_FPR1-F[3]",0.926324,0.354476041666667,1.28080004166667,7.14285714285714,0,-0.0398837241724822
"420","H2O2","SHR3-F[1,2]_ho::HphMX",0.572324,0.0120464,0.5843704,1.65289256198347,0,NA
"421","H2O2","SHR3-F[1,2]_HXT1-F[3]",0.57962,0.0979324567474048,0.677552456747405,1.96078431372549,1,0.0883554198957942
"422","H2O2","SHR3-F[1,2]_IMD3-F[3]",0.87562,0.0761822485207101,0.95180224852071,2.61096605744125,0,-0.0735292667731769
"423","H2O2","SHR3-F[1,2]_PDR5-F[3]",0.776972,0.389719338842975,1.16669133884298,5.05050505050505,0,-0.00367447279484714
"424","H2O2","SHR3-F[1,2]_PRS3-F[3]",0.524972,0.0247154320987654,0.549687432098765,1.65016501650165,0,-0.000725170263217346
"425","H2O2","SHR3-F[1,2]_RPB9-F[3]",0.589296,0.5123625,1.1016585,3.96825396825397,0,0.0153747552549261
"426","H2O2","SHR3-F[1,2]_SHR3-F[3]",0.982648,0.114497777777778,1.09714577777778,3.47222222222222,1,0.84758824117868
"427","H2O2","SHR3-F[1,2]_SHR3-F[3]",0.982648,0.114497777777778,1.09714577777778,3.47222222222222,1,0.84758824117868
"428","H2O2","SHR3-F[1,2]_SNQ2-F[3]",0.39762,0.29934,0.69696,2.29357798165138,0,-0.0370966332715517
"429","H2O2","TPO1-F[1,2]_DBP2-F[3]",0.422648,0.245357479191439,0.668005479191439,2.1551724137931,0,-0.0146186730932457
"430","H2O2","TPO1-F[1,2]_FPR1-F[3]",0.798324,0.00715555555555556,0.805479555555556,2.01207243460765,0,-0.0799436708951185
"431","H2O2","TPO1-F[1,2]_ho::HphMX",0.482324,0.0379688888888889,0.520292888888889,1.62866449511401,0,NA
"432","H2O2","TPO1-F[1,2]_HXT1-F[3]",0.77562,0.18954820861678,0.96516820861678,3.03951367781155,1,0.387579369217
"433","H2O2","TPO1-F[1,2]_IMD3-F[3]",0.122648,0.435685185185185,0.558333185185185,1.98019801980198,0,-0.256247672174371
"434","H2O2","TPO1-F[1,2]_PDR5-F[3]",0.909296,0.135905371900826,1.04520137190083,3.35570469798658,1,0.294680643574338
"435","H2O2","TPO1-F[1,2]_PDR5-F[3]",0.909296,0.135905371900826,1.04520137190083,3.35570469798658,1,0.294680643574338
"436","H2O2","TPO1-F[1,2]_PRS3-F[3]",0.22562,0.2262272,0.4518472,1.72413793103448,0,-0.109187494454405
"437","H2O2","TPO1-F[1,2]_RPB9-F[3]",0.663296,0.351029166666667,1.01432516666667,3.63636363636364,0,-0.0371086055027402
"438","H2O2","TPO1-F[1,2]_SHR3-F[3]",0.035296,0.426228571428571,0.461524571428571,1.80505415162455,1,-0.043817053481364
"439","H2O2","TPO1-F[1,2]_SHR3-F[3]",0.035296,0.426228571428571,0.461524571428571,1.80505415162455,1,-0.043817053481364
"440","H2O2","TPO1-F[1,2]_SNQ2-F[3]",0.63362,0.247746492271106,0.881366492271106,2.82485875706215,1,0.0217421816391209
"441","NaCl","DBP2-F[1,2]_DBP2-F[3]",0.955296,0.743125555555556,1.69842155555556,29.4117647058824,1,0.531406927587167
"442","NaCl","DBP2-F[1,2]_DBP2-F[3]",0.955296,0.743125555555556,1.69842155555556,29.4117647058824,1,0.531406927587167
"443","NaCl","DBP2-F[1,2]_FPR1-F[3]",0.826648,0.278132544378698,1.1047805443787,4.23728813559322,0,-0.008294953607166
"444","NaCl","DBP2-F[1,2]_ho::HphMX",0.085296,0.230089795918367,0.315385795918367,1.54320987654321,0,NA
"445","NaCl","DBP2-F[1,2]_HXT1-F[3]",0.268972,0.133375619834711,0.402347619834711,1.59744408945687,0,-0.04063538632654
"446","NaCl","DBP2-F[1,2]_IMD3-F[3]",0.01762,0.548306944444444,0.565926944444444,1.8796992481203,0,-0.130353569162932
"447","NaCl","DBP2-F[1,2]_PDR5-F[3]",0.228972,0.133768595041322,0.362740595041322,1.5527950310559,0,-0.0384624862309727
"448","NaCl","DBP2-F[1,2]_PRS3-F[3]",0.262972,0.0706869135802469,0.333658913580247,1.43884892086331,0,-0.023325743008287
"449","NaCl","DBP2-F[1,2]_RPB9-F[3]",0.624648,0.04619375,0.67084175,1.86219739292365,0,-0.0463187811128031
"450","NaCl","DBP2-F[1,2]_SHR3-F[3]",0.174648,0.152754710743802,0.327402710743802,1.53374233128834,0,0.00271826233988351
"451","NaCl","DBP2-F[1,2]_SNQ2-F[3]",0.222324,0.0372459259259259,0.259569925925926,1.34048257372654,0,-0.0541377030173357
"452","NaCl","DST1-F[1,2]_DBP2-F[3]",0.394648,0,0.394648,1.40056022408964,0,-0.08371987323969
"453","NaCl","DST1-F[1,2]_FPR1-F[3]",0.766972,0.0427375,0.8097095,2.13219616204691,0,-0.02883780598528
"454","NaCl","DST1-F[1,2]_ho::HphMX",0.350648,0.134526446280992,0.485174446280992,1.72413793103448,0,NA
"455","NaCl","DST1-F[1,2]_HXT1-F[3]",0.201296,0.0215259259259259,0.222821925925926,1.28700128700129,0,-0.032479300224064
"456","NaCl","DST1-F[1,2]_IMD3-F[3]",0.071296,0.159923966942149,0.231219966942149,1.42857142857143,0,-0.121464788998244
"457","NaCl","DST1-F[1,2]_PDR5-F[3]",0.02562,0.641848125,0.667468125,1.953125,0,-0.0392174968705916
"458","NaCl","DST1-F[1,2]_PRS3-F[3]",0.707296,0.167135,0.874431,2.6525198938992,0,0.00807522078987448
"459","NaCl","DST1-F[1,2]_RPB9-F[3]",0.892972,0.250142829964328,1.14311482996433,4.52488687782805,1,0.136468181800336
"460","NaCl","DST1-F[1,2]_SHR3-F[3]",0.160648,0.133919421487603,0.294567421487603,1.47710487444609,0,-0.0116742548461578
"461","NaCl","DST1-F[1,2]_SNQ2-F[3]",0.336972,0,0.336972,1.32978723404255,0,-0.120415440072615
"462","NaCl","FMP45-F[1,2]_DBP2-F[3]",0.702324,0.109839012345679,0.812163012345679,2.3094688221709,0,-0.05740840954383
"463","NaCl","FMP45-F[1,2]_FPR1-F[3]",0.902324,0.2754509375,1.1777749375,5.0251256281407,0,0.00664382324846537
"464","NaCl","FMP45-F[1,2]_ho::HphMX",0.742324,0.016752,0.759076,1.94174757281553,0,NA
"465","NaCl","FMP45-F[1,2]_HXT1-F[3]",0.940972,0.79525,1.736222,31.25,1,0.37589014500374
"466","NaCl","FMP45-F[1,2]_HXT1-F[3]",0.940972,0.79525,1.736222,31.25,1,0.37589014500374
"467","NaCl","FMP45-F[1,2]_IMD3-F[3]",0.424648,0.416457142857143,0.841105142857143,2.74725274725275,0,-0.148246072068766
"468","NaCl","FMP45-F[1,2]_PDR5-F[3]",0.932648,0.71839625,1.65104425,20.4081632653061,1,0.196499384576645
"469","NaCl","FMP45-F[1,2]_PDR5-F[3]",0.932648,0.71839625,1.65104425,20.4081632653061,1,0.196499384576645
"470","NaCl","FMP45-F[1,2]_PRS3-F[3]",0.11962,0.120229112426035,0.239849112426035,1.39664804469274,0,-0.0317607725784647
"471","NaCl","FMP45-F[1,2]_RPB9-F[3]",0.538324,0,0.538324,1.51745068285281,0,-0.0692240712788067
"472","NaCl","FMP45-F[1,2]_SHR3-F[3]",0.00568333333333333,0.551582148760331,0.557265482093664,1.86567164179104,0,-0.0253115068324786
"473","NaCl","FMP45-F[1,2]_SNQ2-F[3]",0.37362,0.67725,1.05087,3.01204819277108,1,0.026436965978497
"474","NaCl","FMP45-F[1,2]_SNQ2-F[3]",0.37362,0.67725,1.05087,3.01204819277108,1,0.026436965978497
"475","NaCl","FTR1-F[1,2]_DBP2-F[3]",0.330648,0,0.330648,1.30548302872063,0,-0.111913609807043
"476","NaCl","FTR1-F[1,2]_FPR1-F[3]",0.764648,0.0201888888888889,0.784836888888889,2.00803212851406,0,-0.0421933544828856
"477","NaCl","FTR1-F[1,2]_ho::HphMX",0.07562,0.500699834710744,0.576319834710744,1.94552529182879,0,NA
"478","NaCl","FTR1-F[1,2]_HXT1-F[3]",0.945296,0.570333333333333,1.51562933333333,15.8730158730159,1,0.35491949657156
"479","NaCl","FTR1-F[1,2]_HXT1-F[3]",0.945296,0.570333333333333,1.51562933333333,15.8730158730159,1,0.35491949657156
"480","NaCl","FTR1-F[1,2]_IMD3-F[3]",0.192648,0.138140495867769,0.330788495867769,1.52905198776758,0,-0.162667489072608
"481","NaCl","FTR1-F[1,2]_PDR5-F[3]",0.82962,0.552939504132231,1.38255950413223,8.13008130081301,0,0.186815961194006
"482","NaCl","FTR1-F[1,2]_PRS3-F[3]",0.179296,0.382045714285714,0.561341714285714,1.99600798403194,0,-0.0262169760710173
"483","NaCl","FTR1-F[1,2]_RPB9-F[3]",0.562648,0.00755555555555555,0.570203555555556,1.62866449511401,0,-0.0775464785034937
"484","NaCl","FTR1-F[1,2]_SHR3-F[3]",0.303296,0.2735615625,0.5768575625,2,0,-0.0224511515376938
"485","NaCl","FTR1-F[1,2]_SNQ2-F[3]",0.582648,0.00248888888888889,0.585136888888889,1.64473684210526,0,0.0131762674426181
"486","NaCl","ho::NatMX_DBP2-F[3]",0.461296,0.0412459259259259,0.502541925925926,1.60513643659711,0,NA
"487","NaCl","ho::NatMX_FPR1-F[3]",0.853296,0.253350476190476,1.10664647619048,4.20168067226891,0,NA
"488","NaCl","ho::NatMX_ho::HphMX",0.69162,0.32377355529132,1.01539355529132,3.7037037037037,0,NA
"489","NaCl","ho::NatMX_HXT1-F[3]",0.162648,0.304184545454545,0.466832545454545,1.81818181818182,0,NA
"490","NaCl","ho::NatMX_IMD3-F[3]",0.131296,0.263533333333333,0.394829333333333,1.68067226890756,0,NA
"491","NaCl","ho::NatMX_PDR5-F[3]",0.845296,0.29294,1.138236,4.65116279069767,0,NA
"492","NaCl","ho::NatMX_PRS3-F[3]",0.862972,0.368751833910035,1.23172383391003,6.02409638554217,0,NA
"493","NaCl","ho::NatMX_RPB9-F[3]",0.57562,0.0230734567901235,0.598693456790123,1.70648464163823,0,NA
"494","NaCl","ho::NatMX_SHR3-F[3]",0.785296,0.435068888888889,1.22036488888889,5.71428571428571,0,NA
"495","NaCl","ho::NatMX_SNQ2-F[3]",0.374972,0.172584196597353,0.547556196597354,1.85185185185185,0,NA
"496","NaCl","HOM3-F[1,2]_DBP2-F[3]",0.505122222222222,0.140404938271605,0.645527160493827,2.01207243460765,0,-0.0440809457695771
"497","NaCl","HOM3-F[1,2]_FPR1-F[3]",0.96762,0.366740484429066,1.33436048442907,8.62068965517241,1,0.7817702764615
"498","NaCl","HOM3-F[1,2]_ho::HphMX",0.492324,0,0.492324,1.41442715700141,0,NA
"499","NaCl","HOM3-F[1,2]_HXT1-F[3]",0.43562,0.56545,1.00107,3.13479623824451,0,0.0143130345445071
"500","NaCl","HOM3-F[1,2]_IMD3-F[3]",0.928972,0.71056125,1.63953325,19.2307692307692,0,0.056382551862956
"501","NaCl","HOM3-F[1,2]_PDR5-F[3]",0.658324,0.197517785467128,0.855841785467128,2.66666666666667,0,-0.0275529977308927
"502","NaCl","HOM3-F[1,2]_PRS3-F[3]",0.519296,0.66305,1.182346,3.84615384615385,0,0.0245218493553183
"503","NaCl","HOM3-F[1,2]_RPB9-F[3]",0.384324,0,0.384324,1.30548302872063,0,-0.099637335442995
"504","NaCl","HOM3-F[1,2]_SHR3-F[3]",0.88962,0.7208325,1.6104525,14.2857142857143,0,0.03992798516227
"505","NaCl","HOM3-F[1,2]_SNQ2-F[3]",0.232972,0.053134201183432,0.286106201183432,1.37741046831956,0,-0.0700407530828571
"506","NaCl","IMD3-F[1,2]_DBP2-F[3]",0.398972,0.305841818181818,0.704813818181818,2.33100233100233,0,-0.120510628427947
"507","NaCl","IMD3-F[1,2]_FPR1-F[3]",0.930324,0.69665,1.626974,19.2307692307692,0,-0.00709986021909585
"508","NaCl","IMD3-F[1,2]_ho::HphMX",0.00256111111111111,0.0106,0.0131611111111111,1.12107623318386,0,NA
"509","NaCl","IMD3-F[1,2]_HXT1-F[3]",0.246280555555556,0.18165,0.427930555555556,1.6750418760469,0,-0.087569401198517
"510","NaCl","IMD3-F[1,2]_IMD3-F[3]",0.992972,0,0.992972,2.13219616204691,1,0.803138678110373
"511","NaCl","IMD3-F[1,2]_IMD3-F[3]",0.992972,0,0.992972,2.13219616204691,1,0.803138678110373
"512","NaCl","IMD3-F[1,2]_PDR5-F[3]",0.036972,0.129015,0.165987,1.33868808567604,0,-0.122305446502844
"513","NaCl","IMD3-F[1,2]_PRS3-F[3]",0.601296,0.6287875,1.2300835,4.44444444444444,0,-0.0707362385571566
"514","NaCl","IMD3-F[1,2]_RPB9-F[3]",0.496561111111111,0.0346869135802469,0.531248024691358,1.6366612111293,0,-0.167105883663224
"515","NaCl","IMD3-F[1,2]_SHR3-F[3]",0.918648,0.506359669421488,1.42500766942149,11.1111111111111,0,-0.0213975852365444
"516","NaCl","IMD3-F[1,2]_SNQ2-F[3]",0.180324,0,0.180324,1.13636363636364,0,-0.10442333184632
"517","NaCl","PRS3-F[1,2]_DBP2-F[3]",0.555296,0,0.555296,1.44092219020173,0,-0.00842863906645177
"518","NaCl","PRS3-F[1,2]_FPR1-F[3]",0.910648,0.53630625,1.44695425,11.3636363636364,0,0.0621795403908376
"519","NaCl","PRS3-F[1,2]_ho::HphMX",0.241296,0.19196380952381,0.433259809523809,1.69204737732657,0,NA
"520","NaCl","PRS3-F[1,2]_HXT1-F[3]",0.313296,0,0.313296,1.22249388753056,0,-0.0298851695498359
"521","NaCl","PRS3-F[1,2]_IMD3-F[3]",0.52162,0.422285714285714,0.943905714285714,3.19488817891374,0,-0.00501451509641817
"522","NaCl","PRS3-F[1,2]_PDR5-F[3]",0.166972,0.0481125,0.2150845,1.30890052356021,0,0.0241833722408252
"523","NaCl","PRS3-F[1,2]_PRS3-F[3]",0.972972,0.066722962962963,1.03969496296296,2.91545189504373,1,0.66703724323596
"524","NaCl","PRS3-F[1,2]_PRS3-F[3]",0.972972,0.066722962962963,1.03969496296296,2.91545189504373,1,0.66703724323596
"525","NaCl","PRS3-F[1,2]_RPB9-F[3]",0.564972,0.0172112,0.5821832,1.65837479270315,0,-0.0531017403296276
"526","NaCl","PRS3-F[1,2]_SHR3-F[3]",0.59762,0.373272098765432,0.970892098765432,3.37837837837838,0,0.0458730799523913
"527","NaCl","PRS3-F[1,2]_SNQ2-F[3]",0.266324,0,0.266324,1.18063754427391,0,-0.0406282985422284
"528","NaCl","SHR3-F[1,2]_DBP2-F[3]",0.568972,0,0.568972,1.43472022955524,0,-0.0192881261056205
"529","NaCl","SHR3-F[1,2]_FPR1-F[3]",0.938324,0.603878125,1.542202125,17.2413793103448,0,0.0219228549289417
"530","NaCl","SHR3-F[1,2]_ho::HphMX",0.594324,0.100035432525952,0.694359432525952,2.00400801603206,0,NA
"531","NaCl","SHR3-F[1,2]_HXT1-F[3]",0.81962,0.7256325,1.5452525,9.61538461538461,1,0.148114963491184
"532","NaCl","SHR3-F[1,2]_IMD3-F[3]",0.920972,0.453207346938776,1.37417934693878,9.61538461538461,0,-0.0477420600970096
"533","NaCl","SHR3-F[1,2]_PDR5-F[3]",0.712324,0.10597937716263,0.81830337716263,2.3094688221709,0,0.0115464854359532
"534","NaCl","SHR3-F[1,2]_PRS3-F[3]",0.72762,0.473444444444444,1.20106444444444,5.0761421319797,0,0.0136724493288904
"535","NaCl","SHR3-F[1,2]_RPB9-F[3]",0.474648,0.0550300591715976,0.529678059171598,1.65837479270315,0,-0.0352091078972963
"536","NaCl","SHR3-F[1,2]_SHR3-F[3]",0.987296,0.252521904761905,1.2398179047619,5.81395348837209,1,0.739696666635707
"537","NaCl","SHR3-F[1,2]_SHR3-F[3]",0.987296,0.252521904761905,1.2398179047619,5.81395348837209,1,0.739696666635707
"538","NaCl","SHR3-F[1,2]_SNQ2-F[3]",0.283296,0.0610776859504132,0.344373685950413,1.44508670520231,0,-0.0651055479492658
"539","NaCl","TPO1-F[1,2]_DBP2-F[3]",0.388648,0,0.388648,1.25470514429109,0,-0.0627629210290146
"540","NaCl","TPO1-F[1,2]_FPR1-F[3]",0.856648,0.32167514863258,1.17832314863258,5.29100529100529,0,-0.0627280612130418
"541","NaCl","TPO1-F[1,2]_ho::HphMX",0.486648,0.177292173913043,0.663940173913043,2.08768267223382,0,NA
"542","NaCl","TPO1-F[1,2]_HXT1-F[3]",0.94362,0.576164081632653,1.51978408163265,16.1290322580645,1,0.401451229872307
"543","NaCl","TPO1-F[1,2]_IMD3-F[3]",0.116648,0,0.116648,1.06723585912487,0,-0.190086550014909
"544","NaCl","TPO1-F[1,2]_PDR5-F[3]",0.937296,0.508849586776859,1.44614558677686,12.5,1,0.298463898123773
"545","NaCl","TPO1-F[1,2]_PDR5-F[3]",0.937296,0.508849586776859,1.44614558677686,12.5,1,0.298463898123773
"546","NaCl","TPO1-F[1,2]_PRS3-F[3]",0.273296,0.434260740740741,0.707556740740741,2.31481481481481,0,-0.0815167958850021
"547","NaCl","TPO1-F[1,2]_RPB9-F[3]",0.542972,0,0.542972,1.37551581843191,0,-0.102382327412065
"548","NaCl","TPO1-F[1,2]_SHR3-F[3]",0.057296,0.316415885850178,0.373711885850178,1.68634064080944,1,-0.0434775947543987
"549","NaCl","TPO1-F[1,2]_SHR3-F[3]",0.057296,0.316415885850178,0.373711885850178,1.68634064080944,1,-0.0434775947543987
"550","NaCl","TPO1-F[1,2]_SNQ2-F[3]",0.68162,0.475108888888889,1.15672888888889,4.5662100456621,1,0.0374998192771041
